<?xml version="1.0" encoding="UTF-8"?>
<metadata modelVersion="1.1.0">
  <groupId>ch.sbb.maven.plugins</groupId>
  <artifactId>iib-maven-plugin</artifactId>
  <version>10.0-SNAPSHOT</version>
  <versioning>
    <snapshot>
      <timestamp>20170821.124420</timestamp>
      <buildNumber>1</buildNumber>
    </snapshot>
    <lastUpdated>20170821124420</lastUpdated>
    <snapshotVersions>
      <snapshotVersion>
        <extension>jar</extension>
        <value>10.0-20170821.124420-1</value>
        <updated>20170821124420</updated>
      </snapshotVersion>
      <snapshotVersion>
        <extension>pom</extension>
        <value>10.0-20170821.124420-1</value>
        <updated>20170821124420</updated>
      </snapshotVersion>
    </snapshotVersions>
  </versioning>
</metadata>
